Wikipedia, the free encyclopedia; Main Page; /wiki/1963%E2%80%9364_Gillingham_F.C._season
1963–64 Gillingham F.C. season - Wikipedia; 1963–64 Gillingham F.C. season; /wiki/Football_League_Fourth_Division
Football League Fourth Division - Wikipedia; Football League Fourth Division; /wiki/Hellenic_Football_League
Hellenic Football League - Wikipedia; Hellenic Football League; /wiki/1962%E2%80%9363_Hellenic_Football_League
1962–63 Hellenic Football League - Wikipedia; 1962–63 Hellenic Football League; /wiki/Newbury_Town_F.C.
Newbury Town F.C. - Wikipedia; Newbury Town F.C.; /wiki/Isthmian_Football_League
Isthmian League - Wikipedia; Isthmian League; /wiki/Grays_Athletic_F.C.
Grays Athletic F.C. - Wikipedia; Grays Athletic F.C.; /wiki/Horsham_F.C.
Horsham F.C. - Wikipedia; Horsham F.C.; /wiki/Beckenham_Town_F.C.
Beckenham Town F.C. - Wikipedia; Beckenham Town F.C.; /wiki/1929%E2%80%9330_Isthmian_League
1929–30 Isthmian League - Wikipedia; 1929–30 Isthmian League; /wiki/1920%E2%80%9321_Isthmian_League
1920–21 Isthmian League - Wikipedia; 1920–21 Isthmian League; /wiki/Chipstead_F.C.
Chipstead F.C. - Wikipedia; Chipstead F.C.; /wiki/2014%E2%80%9315_Isthmian_League
2014–15 Isthmian League - Wikipedia; 2014–15 Isthmian League; /wiki/Corinthian-Casuals_F.C.
Corinthian-Casuals F.C. - Wikipedia; Corinthian-Casuals F.C.; /wiki/1984%E2%80%9385_Isthmian_League
1984–85 Isthmian League - Wikipedia; 1984–85 Isthmian League; /wiki/1961%E2%80%9362_Isthmian_League
1961–62 Isthmian League - Wikipedia; 1961–62 Isthmian League; /wiki/1961%E2%80%9362_Stoke_City_F.C._season
1961–62 Stoke City F.C. season - Wikipedia; 1961–62 Stoke City F.C. season; /wiki/1961%E2%80%9362_Football_League_Second_Division
1961–62 Football League - Wikipedia; 1961–62 Football League; /wiki/Sheffield_United_F.C.
Sheffield United F.C. - Wikipedia; Sheffield United F.C.; /wiki/Oldham_Athletic_A.F.C.
Oldham Athletic A.F.C. - Wikipedia; Oldham Athletic A.F.C.; /wiki/Manchester_derby
Manchester derby - Wikipedia; Manchester derby; /wiki/Glyn_Pardoe
Glyn Pardoe - Wikipedia; Glyn Pardoe; /wiki/Football_League_First_Division
Football League First Division - Wikipedia; Football League First Division; /wiki/Erovnuli_Liga
Erovnuli Liga - Wikipedia; Erovnuli Liga; /wiki/Super_League_Greece
Super League Greece - Wikipedia; Super League Greece; /wiki/Greek_football_PSAP_awards#Players_Awards
Greek football PSAP awards - Wikipedia; Greek football PSAP awards; /wiki/2006%E2%80%9307_Gamma_Ethniki
2006–07 Gamma Ethniki - Wikipedia; 2006–07 Gamma Ethniki; /wiki/UEFA_Euro_2008_qualifying_Group_C
UEFA Euro 2008 qualifying Group C - Wikipedia; UEFA Euro 2008 qualifying Group C; /wiki/Vedad_Ibi%C5%A1evi%C4%87
Vedad Ibišević - Wikipedia; Vedad Ibišević; /wiki/2005%E2%80%9306_Ligue_2
2005–06 Ligue 2 - Wikipedia; 2005–06 Ligue 2; /wiki/Valenciennes_FC
Valenciennes FC - Wikipedia; Valenciennes FC; /wiki/Midfielder
Midfielder - Wikipedia; Midfielder; /wiki/%C3%81ngel_Di_Mar%C3%ADa
Ángel Di María - Wikipedia; Ángel Di María; /wiki/Juan_Mata
Juan Mata - Wikipedia; Juan Mata; /wiki/2010_FIFA_World_Cup
2010 FIFA World Cup - Wikipedia; 2010 FIFA World Cup; /wiki/Italy_national_football_team
Italy national football team - Wikipedia; Italy national football team; /wiki/England_national_football_team
England national football team - Wikipedia; England national football team; /wiki/Penalty_shoot-out_(association_football)
Penalty shoot-out (association football) - Wikipedia; Penalty shoot-out (association football); /wiki/European_Cup_1972%E2%80%9373
1972–73 European Cup - Wikipedia; 1972–73 European Cup; /wiki/Szusza_Ferenc_Stadium
Szusza Ferenc Stadion - Wikipedia; Szusza Ferenc Stadion; /wiki/Zolt%C3%A1n_Gera
Zoltán Gera - Wikipedia; Zoltán Gera; /wiki/Vilmos_Kohut
Vilmos Kohut - Wikipedia; Vilmos Kohut; /wiki/1938_FIFA_World_Cup
1938 FIFA World Cup - Wikipedia; 1938 FIFA World Cup; /wiki/Sven_Jonasson
Sven Jonasson - Wikipedia; Sven Jonasson; /wiki/Gunnar_Nordahl
Gunnar Nordahl - Wikipedia; Gunnar Nordahl; /wiki/RSSSF
RSSSF - Wikipedia; RSSSF; /wiki/England
England - Wikipedia; England; /wiki/Countries_of_the_United_Kingdom
Countries of the United Kingdom - Wikipedia; Countries of the United Kingdom; /wiki/Edinburgh_University_Students%27_Association
Edinburgh University Students' Association - Wikipedia; Edinburgh University Students' Association; /wiki/Liberal_Party_(UK)
Liberal Party (UK) - Wikipedia; Liberal Party (UK); /wiki/Dadabhai_Naoroji
Dadabhai Naoroji - Wikipedia; Dadabhai Naoroji; /wiki/India_House
India House - Wikipedia; India House; /wiki/Sister_Nivedita
Sister Nivedita - Wikipedia; Sister Nivedita; /wiki/Kakori_conspiracy
Kakori conspiracy - Wikipedia; Kakori conspiracy; /wiki/Shahjahanpur
Shahjahanpur - Wikipedia; Shahjahanpur; /wiki/Jitendra_Prasada
Jitendra Prasada - Wikipedia; Jitendra Prasada; /wiki/Jatindramohan_Tagore
Jatindramohan Tagore - Wikipedia; Jatindramohan Tagore; /wiki/ISBN_(identifier)
ISBN - Wikipedia; ISBN; /wiki/ISO/IEC_9995
ISO/IEC 9995 - Wikipedia; ISO/IEC 9995; /wiki/Main_Page
Wikipedia, the free encyclopedia; Main Page; /wiki/Treaty_of_London_(1839)
Treaty of London (1839) - Wikipedia; Treaty of London (1839); /wiki/United_Kingdom_of_the_Netherlands
United Kingdom of the Netherlands - Wikipedia; United Kingdom of the Netherlands; /wiki/Constitution_of_Belgium
Constitution of Belgium - Wikipedia; Constitution of Belgium; /wiki/Belgian_Federal_Government
Federal Government of Belgium - Wikipedia; Federal Government of Belgium; /wiki/Mouvement_R%C3%A9formateur
Reformist Movement - Wikipedia; Reformist Movement; /wiki/Servant_of_the_People
Servant of the People - Wikipedia; Servant of the People; /wiki/Party_of_Free_Democrats
Party of Free Democrats - Wikipedia; Party of Free Democrats; /wiki/Solidarity_of_Women_of_Ukraine
Solidarity of Women of Ukraine - Wikipedia; Solidarity of Women of Ukraine; /wiki/Ihor_Kolykhaiev
Ihor Kolykhaiev - Wikipedia; Ihor Kolykhaiev; /wiki/Petro_Poroshenko_Bloc
European Solidarity - Wikipedia; European Solidarity; /wiki/Self_Reliance_(political_party)
Self Reliance (political party) - Wikipedia; Self Reliance (political party); /wiki/Central_Election_Commission_of_Ukraine
Central Election Commission (Ukraine) - Wikipedia; Central Election Commission (Ukraine); /wiki/Ukrainian_presidential_elections
Ukrainian presidential elections - Wikipedia; Ukrainian presidential elections; /wiki/GUAM_Organization_for_Democracy_and_Economic_Development
GUAM Organization for Democracy and Economic Development - Wikipedia; GUAM Organization for Democracy and Economic Development; /wiki/International_trade
International trade - Wikipedia; International trade; /wiki/Eurasian_Economic_Union
Eurasian Economic Union - Wikipedia; Eurasian Economic Union; /wiki/Belarus
Belarus - Wikipedia; Belarus; /wiki/Curzon_Line
Curzon Line - Wikipedia; Curzon Line; /wiki/Foreign_Secretary
Foreign Secretary - Wikipedia; Foreign Secretary; /wiki/1892_United_Kingdom_general_election
1892 United Kingdom general election - Wikipedia; 1892 United Kingdom general election; /wiki/Irish_National_League
Irish National League - Wikipedia; Irish National League; /wiki/National_League_Party
National League Party - Wikipedia; National League Party; /wiki/Lia_F%C3%A1il_(political_party)
Lia Fáil (political party) - Wikipedia; Lia Fáil (political party); /wiki/Erskine_Hamilton_Childers
Erskine Hamilton Childers - Wikipedia; Erskine Hamilton Childers; /wiki/Irish_Civil_War
Irish Civil War - Wikipedia; Irish Civil War; /wiki/Ballyseedy
Ballyseedy - Wikipedia; Ballyseedy; /wiki/F%C3%A1ilte_Ireland
Fáilte Ireland - Wikipedia; Fáilte Ireland; /wiki/Amiens_Street
Amiens Street - Wikipedia; Amiens Street; /wiki/North_Strand_Road
North Strand Road - Wikipedia; North Strand Road; /wiki/Dublin_Bay
Dublin Bay - Wikipedia; Dublin Bay; /wiki/Dublin_Port
Dublin Port - Wikipedia; Dublin Port; /wiki/Port_of_Holyhead
Port of Holyhead - Wikipedia; Port of Holyhead; /wiki/Geographic_coordinate_system
Geographic coordinate system - Wikipedia; Geographic coordinate system; /wiki/Crustal_deformation
Orogeny - Wikipedia; Orogeny; /wiki/Brunton_compass
Brunton compass - Wikipedia; Brunton compass; /wiki/Horse_(geology)
Horse (geology) - Wikipedia; Horse (geology); /wiki/Stereographic_projection
Stereographic projection - Wikipedia; Stereographic projection; /wiki/Mathematics
Mathematics - Wikipedia; Mathematics; /wiki/Bulletin_of_the_American_Mathematical_Society
Bulletin of the American Mathematical Society - Wikipedia; Bulletin of the American Mathematical Society; /wiki/Notices_of_the_American_Mathematical_Society
